config,M,N,K,tm,tn,tk,group_size_m,num_ctas,occupancy,swizzle,grid_x,grid_y,grid_z,iters,median_s,min_s,max_s,stdev_s,tflops,sample_max_err,ok
persistent,1024,1024,1024,128,512,64,8,4,1,on,16,1,1,3,0.000009958,0.000009709,0.000014498,0.000001450,215.65,0,True
persistent,2048,2048,2048,256,256,64,8,2,1,on,64,1,1,3,0.000017356,0.000017131,0.000017678,0.000000143,989.83,0,True
persistent,4096,4096,4096,256,256,64,8,2,1,on,74,1,1,3,0.000085459,0.000085256,0.000086383,0.000000313,1608.25,0,True
persistent,8192,8192,8192,256,256,64,8,2,1,on,74,1,1,3,0.000539549,0.000538852,0.000540317,0.000000414,2037.83,0,True
persistent,16384,16384,16384,256,256,64,8,2,1,on,74,1,1,3,0.004171158,0.004169410,0.004270768,0.000031525,2108.79,0,True
persistent,32768,32768,32768,256,256,64,8,2,1,on,74,1,1,3,0.033331102,0.032695590,0.033613298,0.000315242,2111.20,0,True
