config,M,N,K,warmup,samples,iters,heuristic_rank,heuristic_state,workspace_bytes,waves_count,median_s,min_s,max_s,stdev_s,tflops
cublaslt_cpp,1024,1024,1024,5,10,3,4,0,0,1,1.0251e-05,1.00887e-05,1.0405e-05,9.63565e-08,209.49
cublaslt_cpp,2048,2048,2048,5,10,3,3,0,0,1,1.85953e-05,1.8269e-05,1.948e-05,3.30521e-07,923.881
cublaslt_cpp,4096,4096,4096,5,10,3,2,0,14156672,1,7.891e-05,7.86207e-05,7.9104e-05,1.61387e-07,1741.72
cublaslt_cpp,8192,8192,8192,5,10,3,1,0,0,1,0.000512045,0.000511894,0.000512486,2.28073e-07,2147.29
cublaslt_cpp,16384,16384,16384,5,10,3,1,0,0,1,0.00401062,0.00401014,0.00401124,4.0782e-07,2193.2
cublaslt_cpp,32768,32768,32768,5,10,3,3,0,0,1,0.0321715,0.0320227,0.032336,8.8765e-05,2187.3
