config,M,N,K,tm,tn,tk,group_size_m,num_cta_in_cga,occupancy,swizzle,grid_x,grid_y,grid_z,iters,median_s,min_s,max_s,stdev_s,tflops
persistent_raw,1024,1024,1024,128,512,64,8,4,1,on,16,1,1,3,0.000010298,0.000009989,0.000019099,0.000002804,208.54
persistent_raw,2048,2048,2048,256,256,64,8,2,1,on,64,1,1,3,0.000017992,0.000017790,0.000018825,0.000000306,954.86
persistent_raw,4096,4096,4096,256,256,64,8,2,1,on,74,1,1,3,0.000083510,0.000083367,0.000083703,0.000000130,1645.78
persistent_raw,8192,8192,8192,256,256,64,8,2,1,on,74,1,1,3,0.000530119,0.000529584,0.000530218,0.000000212,2074.08
persistent_raw,16384,16384,16384,256,256,64,8,2,1,on,74,1,1,3,0.004128188,0.004127036,0.004901745,0.000244675,2130.74
persistent_raw,32768,32768,32768,256,256,64,8,2,1,on,74,1,1,3,0.033955750,0.032500428,0.034307382,0.000682294,2072.37
