config,M,N,K,tm,tn,tk,group_size_m,num_cta_in_cga,occupancy,swizzle,grid_x,grid_y,grid_z,iters,median_s,min_s,max_s,stdev_s,tflops
persistent_safe,1024,1024,1024,128,512,64,8,4,1,on,16,1,1,3,0.000010222,0.000010057,0.000016601,0.000002026,210.08
persistent_safe,2048,2048,2048,256,256,64,8,2,1,on,64,1,1,3,0.000017925,0.000017655,0.000020425,0.000001072,958.41
persistent_safe,4096,4096,4096,256,256,64,8,2,1,on,74,1,1,3,0.000083871,0.000083513,0.000084172,0.000000189,1638.69
persistent_safe,8192,8192,8192,256,256,64,8,2,1,on,74,1,1,3,0.000531452,0.000530893,0.000531693,0.000000263,2068.88
persistent_safe,16384,16384,16384,256,256,64,8,2,1,on,74,1,1,3,0.004134849,0.004133459,0.004136709,0.000001105,2127.31
persistent_safe,32768,32768,32768,256,256,64,8,2,1,on,74,1,1,3,0.033169979,0.032723565,0.033275542,0.000157955,2121.46
